{
  "test_type": "aggregation_comparison",
  "existing_avg_ms": 60.664987564086914,
  "aggregation_avg_ms": 81.64515495300293,
  "existing_times": [
    88.68026733398438,
    61.46049499511719,
    50.595998764038086,
    50.069332122802734,
    52.51884460449219
  ],
  "aggregation_times": [
    36.50927543640137,
    35.5682373046875,
    138.4437084197998,
    43.40648651123047,
    154.2980670928955
  ],
  "improvement_percentage": -34.58365068772564
}