{
  "test_type": "aggregation_comparison",
  "existing_avg_ms": 433.69784355163574,
  "aggregation_avg_ms": 28.6959171295166,
  "existing_times": [
    668.9732074737549,
    205.70755004882812,
    394.47975158691406,
    383.5153579711914,
    515.8133506774902
  ],
  "aggregation_times": [
    30.322551727294922,
    17.724275588989258,
    30.078887939453125,
    29.873132705688477,
    35.48073768615723
  ],
  "improvement_percentage": 93.38343098630139
}