{
  "avg_response_time_ms": 358.9320182800293,
  "min_response_time_ms": 101.02391242980957,
  "max_response_time_ms": 557.8415393829346,
  "phase": "aggregation"
}