{
  "existing_total_time": 261.15989685058594,
  "aggregation_time": 135.7344627380371,
  "improvement_percentage": 48.02629945297722,
  "aggregation_successful": true
}